Date,Age,Sex,Prediction,Probability
7/30/2026 20:21,40,Male,Low Risk,3.76
7/30/2026 20:23,31,Female,Low Risk,2.04
7/30/2026 23:28,45,Female,Low Risk,2.96
7/30/2026 23:28,45,Female,Low Risk,3.05
2026-07-31 23:20:25,70,Female,High Risk,79.67
2026-07-31 23:23:07,80,Female,High Risk,63.91
2026-07-31 23:23:19,40,Female,High Risk,86.22
2026-07-31 23:23:26,40,Male,High Risk,88.76
2026-07-31 23:23:37,90,Male,High Risk,68.19
2026-07-31 23:23:45,77,Female,High Risk,63.91
2026-07-31 23:24:00,40,Male,Low Risk,8.32
2026-07-31 23:55:58,40,Male,Low Risk,8.32
2026-08-01 03:44:34,40,Male,Low Risk,8.32
2026-08-01 12:13:43,40,Male,Low Risk,8.32
